NAME,FOUNDED_AT
10SEC,7/8/2013
140 PROOF,1/11/2010
15FIVE,5/1/2011
1LIFE HEALTHCARE,1/1/2002
2.10E+07,1/1/2013
3DPRINTEROS,3/1/2013
3JAM,1/1/2005
3SCAN,1/1/2011
3VR,1/1/2002
42,1/1/2013
42FLOORS,1/1/2011
5TH FINGER,1/1/2008
6CONNECT,1/1/2009
6SENSE,1/1/2013
6SENSOR LABS,10/1/2013
6SENSORLABS,1/1/2013
8TRACKS RADIO,8/8/2008
99DESIGNS,2/1/2008
ABOUT.ME,2/5/2013
ACADEMIA.EDU,9/1/2008
ACT BIOTECH,1/1/2008
ACUPERA,8/1/2011
ADDAPP,4/3/2014
ADDOWAY,4/1/2010
ADDVOCATE,5/1/2012
ADDY,5/1/2012
ADEZE,1/1/2005
ADINCH INC,6/5/2012
ADIOSO,1/1/2008
ADITIVE,1/1/2010
ADJUST,4/3/2012
ADRISE,11/1/2010
ADROLL,3/1/2007
ADSNATIVE,1/1/2013
ADSTAGE,5/1/2012
ADTONIK,1/1/2011
ADVICE WALLET,1/1/2012
ADVIOUSLY INC.,1/1/2013
ADYNXX,1/1/2007
AFAR,1/1/2007
AGILEMD,5/1/2011
AGNITUS,10/1/2011
AIR,1/1/2013
AIR,3/1/2012
AIRBNB,8/1/2008
AIRPHRAME,6/17/2012
AIRSTONE,1/1/2013
AIRWARE,5/1/2011
AKTANA,1/1/2008
ALGOLIA,9/17/2012
ALLBOUND,7/4/2014
ALLTRAILS,1/1/2010
ALPHABET ENERGY,1/1/2009
ALPHACLONE,3/1/2008
ALPINE DATA LABS,1/1/2011
ALT12 APPS,9/1/2009
ALTSCHOOL,1/1/2013
AMERICAN GIANT,1/1/2011
AMPHIVENA THERAPEUTICS,1/1/2012
AMPLIFY HEALTH,1/1/2011
ANAPLAN,1/1/2006
ANCHOR»,4/1/2011
ANGELLIST,1/1/2010
ANGELMD,3/1/2013
ANKI,1/5/2010
ANYPERK,1/1/2012
APARTMENT LIST,9/1/2011
APIARY,4/27/2011
APOZY,4/1/2012
APP ANNIE,1/1/2010
APP.IO,4/22/2012
APP.NET,8/1/2012
APPBISTRO,2/17/2010
APPDIRECT,7/17/2009
APPDYNAMICS,1/1/2008
APPGYVER,3/1/2011
APPIPHANY,7/1/2012
APPIRIO,9/9/2006
APPLEPIE CAPITAL,1/1/2013
APPLOVIN,3/1/2012
APPMESH,4/1/2012
APPORTABLE,1/1/2011
APPREDEEM,9/1/2010
APPTHEGAME - SWOOPT DAILY FANTASY SPORTS,1/1/2011
APPTHORITY,6/1/2011
APSALAR,5/1/2010
APTIBLE,4/1/2013
ARAVO SOLUTIONS,2/1/2000
ARCHIVELY,4/22/2012
ARDICA TECHNOLOGIES,1/1/2004
ARIA RETIREMENT SOLUTIONS,1/1/2011
ARIA SYSTEMS,1/1/2003
ARK,1/1/2011
ARTICULATE TECHNOLOGIES,1/1/2009
ARTIFY IT,1/1/2012
ARTTWO50,9/1/2012
ARUSPEX,12/17/2003
ASANA,1/1/2009
ASCENDIFY,6/1/2012
ASSEMBLY,1/1/2013
ASSETA,1/1/2013
ATOOMA,3/5/2014
ATTENDIFY,1/1/2011
ATTUNE FOODS,1/1/2006
AUDENTES THERAPEUTICS,1/1/2013
AUDIODRAFT,1/1/2010
AUDIOTAG,6/1/2011
AUDITFILE,1/1/2011
AUGMEDIX,1/1/2012
AUGUST,11/29/2012
AUTHY,1/5/2012
AUTOMATTIC,7/1/2005
AUTONOMIC TECHNOLOGIES,1/1/2007
AUTOPILOT (FORMERLY BISLR),1/1/2011
AVOCADO»,2/1/2012
AYLA,1/1/2010
BABYLIST,2/5/2011
BACKOPS,1/1/2010
BADGER MAPS,3/26/2012
BAKEDCODE,6/10/2010
BALANCED,10/11/2010
BANDPAGE,9/1/2009
BANTER!,1/1/2013
BANYAN WATER,1/1/2011
BAY DYNAMICS,1/1/2001
BAYES IMPACT,4/1/2014
BBVA VENTURES,1/1/2013
BE SPORT,6/11/2011
BE-BOUND,1/1/2011
BEATROBO,2/22/2012
BEATS MUSIC,1/1/2013
BEAUTYLISH,2/1/2010
BEEP,1/1/2012
BEHAVIEW,9/1/2013
BELL BIOSYSTEMS,1/1/2009
BELLA PICTURES,1/1/2003
BENEFITTER,1/1/2012
BESPOKE INNOVATIONS,1/1/2009
BETABRAND,12/1/2009
BETTER FINANCE,1/1/2009
BETTERDOCTOR,8/1/2011
BIG BOX LABS,1/1/2012
BILLOWBY,3/1/2014
BIONIC PANDA GAMES,3/1/2010
BIRDI,1/1/2013
BIRST,1/1/2004
BITFURY GROUP,1/1/2011
BITGO,1/1/2013
BITNET TECHNOLOGIES,12/1/2013
BITTORRENT,9/1/2004
BIZTAG,10/8/2011
BLEACHER REPORT,1/1/2007
BLEND SYSTEMS,4/1/2013
BLOC,12/14/2011
BLOODHOUND,9/1/2011
BLOOMTHAT,2/1/2013
BLOSSOM,1/1/2011
BLUE TORNADO,1/1/2012
BLUEBOX,1/1/2012
BLUECHILLI,7/1/2006
BLUENOSE ANALYTICS,11/1/2012
BLUESHIFT LABS,1/1/2014
BLURB,1/1/2005
BOATBOUND,7/1/2012
BOOKTRACK,1/1/2010
BOOMBOTIX,4/1/2009
BOOMR,8/1/2013
BOOMTRAIN,6/1/2012
BOOST MEDIA,1/1/2009
BOOSTABLE,11/1/2013
BOOYAH,8/1/2008
BOP.FM,1/1/2013
BOUNTYSOURCE,8/22/2012
BOXBE,12/16/2005
BRANDCAST,6/1/2012
BRAVENEWTALENT,6/5/2011
BRD MOTORCYCLES,1/1/2011
BREAKTIME STUDIOS,3/1/2011
BREEZE,1/1/2014
BREEZEWORKS,1/1/2012
BRIDGE U.S.,1/1/2012
BRIDGEFY,3/3/2014
BRIGADE,4/14/2014
BRIGHT FUNDS,2/8/2012
BRIGHTBYTES,3/1/2012
BRIGHTFUNNEL,10/25/2012
BRIGHTPEARL,1/1/2007
BRIGHTSTORM,4/1/2008
BRIGHTTALK,1/1/2002
BRIT + CO,11/1/2011
BROWSTER,1/1/2004
BTCJAM,10/1/2013
BUFFER,10/12/2010
BUGCROWD,9/1/2012
BUGSNAG,9/1/2012
BUILDZOOM,1/1/2012
BUILT.IO,1/1/2013
BUNKER MODE,1/1/2012
BUTTER SYSTEMS,5/15/2013
BUTTERFLEYE INC,10/1/2013
CAKE HEALTH,1/1/2010
CALCULA TECHNOLOGIES,1/1/2012
CALM,5/4/2012
CAMBRIAN GENOMICS,1/1/2011
CAMPUS QUAD,1/1/2012
CANTALOUPE SYSTEMS,1/1/2003
CAPSILON CORPORATION,1/1/2004
CAPTUREPROOF,2/1/2012
CAR RENTALS MARKET,3/3/2013
CARBONFLOW,1/1/2006
CARDFREE,11/1/2012
CARE AT HAND,1/1/2011
CARELULU,1/1/2013
CAREMESSAGE,5/1/2012
CARHOOTS.COM,1/1/2012
CARMOT THERAPEUTICS,1/1/2008
CARTUP COMMERCE,7/1/2010
CASINITY,9/1/2013
CASTLIGHT HEALTH,1/1/2008
CASUAL COLLECTIVE,1/1/2007
CASUALING,4/1/2011
CAUSTIC GRAPHICS,1/1/2007
CAYMAY EDUCATION,7/25/2012
CAZOOMI,10/1/2009
CELERY,2/1/2013
CELLSCOPE,1/1/2010
CHACHA,12/1/2005
CHAIN,2/1/2014
CHAIRISH,1/1/2013
CHANGETIP,12/17/2013
CHANNEL MEDSYSTEMS,1/1/2009
CHANNELMETER,8/1/2012
CHARTBOOST,2/1/2011
CHARTIO,6/1/2010
CHAT SPORTS,10/1/2011
CHATOUS,11/1/2012
CHECKR,1/1/2014
CHEFS FEED,1/1/2012
CHICKRX,1/1/2010
CHIRPLY,1/1/2010
CHOOSE ENERGY,1/1/2008
CHUBBIES SHORTS,1/1/2011
CHUG,5/1/2010
CHUTE,6/1/2011
CINEMALLTEC LLC,3/24/2014
CIRCA,12/1/2011
CIRCLECI,9/1/2011
CIRCLEUP,10/1/2011
CITYHOUR,1/3/2013
CIVICSOLAR,12/1/2009
CLARIVE SOFTWARE,4/23/2010
CLASSDOJO,6/1/2011
CLASSOWL,6/1/2013
CLAY.IO,1/1/2012
CLEAN POWER FINANCE,1/1/2007
CLEARCARE,1/1/2010
CLEARFIT,10/1/2007
CLEARSLIDE,10/7/2009
CLEVER,1/1/2012
CLICKFACTS,1/1/2005
CLICKST,5/1/2010
CLIKTHROUGH,7/1/2007
CLINKLE,1/1/2011
CLOUD ENGINES,3/17/2007
CLOUD4WI,1/31/2014
CLOUD9 IDE,1/1/2010
CLOUDACADEMY,3/1/2013
CLOUDCADE,11/11/2013
CLOUDCANNON,11/26/2012
CLOUDCROWD,4/30/2009
CLOUDFLARE,7/1/2009
CLOUDHELIX,1/1/2014
CLOUDMARK,1/1/2001
CLOUDPASSAGE,1/1/2009
CLOUDTALK,1/1/2010
CLOUDWORDS,3/26/2010
CLUSTER LABS,1/1/2013
CODE FOR AMERICA,9/1/2009
CODECOMBAT,4/1/2013
CODEHS,5/1/2012
CODENVY,11/1/2012
CODIE,2/1/2013
CODINGAME,4/4/2012
COFFEE AND POWER,1/1/2011
COFFEE MEETS BAGEL,1/1/2012
COFFEETABLE,1/1/2011
COGNITIVE NETWORKS,1/1/2008
COIN,1/1/2012
COINALYTICS CO.,4/17/2014
COINBASE,6/1/2012
COLIBRÕ,1/1/2013
COLINGO,1/1/2011
COLLUSION,1/1/2012
COMMITCHANGE,1/1/2012
COMMON SENSE MEDIA,1/1/2003
CONCURRENT INC,1/1/2008
CONFERENCE HOUND,1/1/2010
CONNECT,5/22/2012
CONNECTSOLUTIONS,7/1/2007
CONSANO MEDICAL INC.,9/25/2012
CONVO,1/1/2011
CONVOKE SYSTEMS,1/1/2006
CONVOZINE,1/1/2011
COPIOUS,1/1/2011
COTAP,5/1/2013
COUCHSURFING,6/13/2004
COUPLE,1/1/2012
COURSMOS,1/7/2014
COVERHOUND,5/1/2010
COVERMATE PRODUCTS,1/1/2007
COVEROO,10/1/2008
CRAVE,1/1/2010
CREATIVELIVE,4/1/2010
CREDIBLE,11/1/2012
CREDIT KARMA,6/1/2007
CRITTERCISM,1/1/2011
CROWDCURITY,7/15/2013
CROWDFLOWER,12/20/2009
CROWDMED,10/1/2012
CROWDMOB,9/1/2010
CROWDOPTIC,1/1/2010
CRUSHPATH,4/1/2011
CSRWARE,3/3/2009
CUFF,1/1/2013
CURRICULET,1/1/2012
CUYANA,1/1/2013
DABO HEALTH,1/1/2011
DAGGERFOIL GROUP,4/1/2013
DAILYCRED,1/1/2011
DATABRICKS,1/1/2013
DATAMEER,9/1/2009
DATASIFT,8/1/2010
DATASNAP.IO,6/27/2014
DATAVOLUTION,1/1/2013
DATOMETRY,1/1/2013
DEEM,1/1/2000
DEGREED,3/1/2012
DEKKO,1/1/2011
DELECTABLE,1/1/2011
DELIVERY AGENT,1/1/2001
DELPOR,1/1/2009
DEMANDBASE,1/1/2006
DEPICT,8/1/2013
DERBYWIRE,9/9/2012
DERCETO,1/1/2003
DESIGNLAB,7/1/2013
DESKGOD,1/1/2008
DESMOS,1/1/2011
DIGIT,1/1/2014
DINKLIFE,10/1/2010
DIOBEX,1/1/2003
DIPITY,4/12/2007
DISCOVERLY,5/1/2012
DISQUS,5/5/2007
DIVIDEND SOLAR,1/1/2013
DIY,11/1/2011
DJZ,6/1/2012
DLOHAITI,1/1/2012
DOBLET,8/1/2013
DOCKER,1/1/2010
DOCSEND,1/1/2013
DOCTOR ON DEMAND,10/1/2012
DOCTORBASE,4/9/2010
DOCUSIGN,1/1/2003
DOGEO,5/3/2012
DOGTIME MEDIA,1/1/2006
DOKOGEO,1/1/2010
DOLLS KILL,1/1/2012
DONORSPLAY,1/1/2013
DOOCHOO,1/29/2010
DOT429,6/1/2010
DOUBLEDUTCH,1/1/2011
DOUBLETWIST,3/1/2007
DOWN,1/25/2013
DOXIQ,2/1/2014
DOZ,10/15/2013
DRAMATIZE,6/12/2014
DRAWN TO SCALE,3/10/2010
DREAMERZ FOODS,1/1/2006
DREAMFUNDED,1/1/2014
DREAMHEART,1/1/2011
DRIPDROP,1/1/2008
DRIVERSIDE,9/1/2007
DRONE.IO,10/2/2012
DRONEDEPLOY,1/1/2013
DROP,1/1/2012
DROP MESSAGES,5/1/2013
DROPBOX,6/1/2007
DUETTO,2/24/2012
DYNAMIGHTY,3/1/2011
DYSONICS,1/1/2012
EAGLENINJA,3/1/2014
EARNEST,1/1/2013
EASYPAINT,1/1/2012
EASYPOST,9/1/2012
EATWITH,2/7/2012
EBUDDY,9/1/2003
ECODOMUS,1/1/2010
EDUCATIONSUPERHIGHWAY,1/1/2012
EGOMOTION,6/1/2011
EIGHTFOLD LOGIC,1/1/2006
ELASTICBOX,9/2/2011
ELLA HEALTH,1/1/2011
EMBEE MOBILE,9/1/2008
EMOTIVE COMMUNICATIONS,7/1/2011
ENCODING.COM,9/1/2008
ENDORPHIN,2/15/2012
ENDOVENTION,1/1/2005
ENERGYCHEST,8/1/2013
ENGAGOR,2/10/2011
ENGINE YARD,1/1/2006
ENLITIC,1/1/2014
ENSENDA,1/1/2001
ENTELO,5/1/2011
ENTHUSE,1/1/2011
ENVIVIO,1/1/2000
ENVOY,1/1/2013
EPANTRY,10/1/2012
EPARACHUTE,1/1/2012
EPIBIOME,10/8/2013
EPIPHYTE,1/1/2013
EPOCH ENTERTAINMENT,1/1/2012
EQUITYLANCER,7/1/2012
ESTATE ASSIST,1/1/2014
ETHONOVA,1/1/2012
ETHOR.COM,10/1/2010
EVENTBRITE,1/1/2006
EVEREST,1/1/2012
EVERGRAM,12/8/2011
EVERLANE,1/1/2010
EVERYWARE,12/1/2013
EVOLEEN,9/1/2013
EVRST,1/1/2012
EXILES,12/1/2011
EXO,1/1/2003
EXO5,1/1/2006
EXPA,5/2/2013
EXPECT LABS,1/1/2011
EXPENSIFY,5/1/2008
EXPERIMENT,3/12/2012
EXPLORRA,1/1/2009
EXTOLE,1/1/2010
EYEGROOVE,10/1/2013
FABLER COMICS,4/27/2009
FAMO.US,6/1/2011
FANBASE,8/1/2009
FANBRIDGE,1/1/2006
FANMINDER,10/3/2008
FANTEX,1/1/2012
FANZY,2/1/2011
FARFARIA,11/1/2010
FASTLY,3/8/2011
FEDERATED MEDIA,1/1/2005
FIDELIS,4/1/2011
FILEPICKER.IO,9/1/2011
FINANCIALFORCE.COM,9/1/2009
FINDERY,1/1/2011
FINGERPRINT,7/1/2010
FIRESPOTTER LABS,4/1/2011
FIRST LOOK MEDIA,9/29/2012
FIRST OPINION,1/1/2013
FIRSTJOB,11/5/2011
FITBIT,5/1/2007
FITMOB,6/1/2013
FITSTAR,4/1/2012
FIVE PRIME THERAPEUTICS,1/1/2002
FIVESTARS,1/1/2011
FIXED - PARKING TICKETS,12/1/2013
FLAGTAP,10/1/2012
FLEKSY,5/18/2011
FLEXSCORE,9/1/2012
FLIGOO,10/17/2011
FLINJA,10/1/2013
FLIPCAUSE,9/1/2013
FLIPTOP,1/1/2010
FLITE,1/1/2006
FLUX FACTORY,1/1/2012
FLYR,1/1/2013
FOGG MOBILE,7/1/2010
FOODILY,1/1/2010
FORA.TV,1/1/2005
FORGEROCK,2/1/2010
"FORM DEVICES, INC.",6/11/2014
FORTSCALE,1/1/2012
FORVM,5/11/2012
FOTOPEDIA,10/1/2008
FOUNDHEALTH.COM,1/1/2010
FOUNDVALUE,12/1/2003
FOUNTAIN,11/1/2013
FRAMED DATA,1/1/2013
FRANKLY,4/10/2011
FRANKLY INC,2/1/2013
FRENTING,1/1/2009
FRESHDESK,1/1/2010
FRONTBACK,1/1/2011
FUEL (FUELPOWERED.COM),9/1/2011
FUNDBOX,1/1/2012
FUNDERSCLUB,7/1/2012
FUNTIGO CORPORATION,1/1/2002
FUTUREADVISOR,1/1/2010
FUZE,1/1/2009
FYUSION,1/1/2013
GABSTR,6/17/2013
GAMEDUELL,12/1/2003
GAMELAYERS,7/1/2007
GAMESALAD,8/27/2007
GAMETIME,1/1/2013
GAMIFY,2/10/2010
GAPJUMPERS,1/1/2012
GEEKLIST,4/9/2011
GELI,2/15/2010
GEMSHARE,1/1/2013
GENBOOK,1/1/2007
GET SATISFACTION,9/1/2007
GETABLE,1/1/2010
GETAROUND,9/10/2009
GETBETTER!,7/13/2012
GETGOING,1/1/2012
GETMYBOAT,1/1/2012
GETSOCIAL,6/1/2012
GIFTLY,1/1/2010
GIGWALK,8/1/2010
GIGWELL,12/1/2012
GILD,11/1/2011
GINGER.IO,1/1/2011
GINZAMETRICS,5/1/2010
GITHUB,2/29/2008
GIVING ASSISTANT,8/1/2013
GIVKWIK,1/1/2012
GIZMO.COM,3/1/2011
GLAMPINGHUB.COM,1/1/2012
GLOBAL BLOOD THERAPEUTICS,1/1/2012
GLOW,5/1/2013
GLOWING PLANT,9/1/2012
GLSS,1/1/2011
GLU MOBILE,1/1/2001
GO DISH,4/1/2013
GOBALTO,10/23/2008
GOGORO,1/1/2011
GOGUIDE,1/1/2012
GOLDBELY,1/1/2013
GOOD EGGS,7/1/2011
GOOD PEOPLE,1/1/2009
GOOD.CO,1/1/2012
GOODDATA,5/1/2007
GOODDLER,12/1/2013
GOODPEOPLE,11/1/2009
GOPLANIT,8/1/2007
GOTGAME,3/1/2006
GOTTAPARK,2/1/2007
GRAND ROUNDS,1/1/2011
GRANDATA,6/26/2012
GRANULAR,2/20/2014
GREENHOUSE APPS,9/1/2013
GREENLOTS,9/1/2008
GREENTOE,4/9/2012
GRIDDIG,1/1/2014
GROOPT,3/17/2010
GROUNDWORK,1/1/2004
GUIDE FINANCIAL,12/1/2012
GUITAR PARTY,10/1/2008
GUMROAD,1/1/2011
HABITRPG,2/1/2012
HACTUS,6/1/2011
HALO NEUROSCIENCE,1/1/2013
HAMMER & CHISEL,5/1/2012
HAMPTON CREEK,12/1/2011
HANDLE,5/24/2011
HANDUP,6/1/2013
HANGO,3/1/2014
HANGTIME,5/1/2012
HANZO ARCHIVES,1/1/2005
HAPPY INSPECTOR,10/1/2011
HAPTIK,8/1/2013
"HEALTH ACCESS SOLUTIONS, INC.",1/1/2000
HEALTHIEST YOU,1/1/2010
HEALTHLINE NETWORKS,1/1/2002
HEAP,1/1/2013
HEARNOTES,1/1/2014
HEARSAY SOCIAL,1/1/2009
"HEIRLOOM TECHNOLOGY, INC.",5/5/2014
HELIUM,7/1/2013
HELLO INC,1/1/2012
HELLO MOBILE INC.,1/1/2012
HELPMENOW,11/1/2013
"HELPSHIFT, INC.",1/1/2011
HEYDAY,2/1/2012
HEYLETS,1/1/2011
HEYZAP,1/1/2009
HIDDEN RADIO,1/1/2011
HIGGLE,12/1/2011
HIGH FIDELITY,4/1/2013
HIGHLIGHT,10/1/2011
HINT INC,1/1/2005
HIPCAMP,1/1/2013
HIPMUNK,1/1/2010
HIRED,5/1/2012
HOMEJOY,7/1/2012
HOMELIGHT,1/1/2011
HONEYBOOK INC.,5/1/2013
HOOKED MEDIA GROUP,1/1/2008
HOP.IN,3/7/2013
HORNET NETWORKS,1/1/2011
HOTELTONIGHT,12/1/2010
HUBPAGES,8/5/2006
HUBSKIP,9/1/2012
HUDDLE,11/1/2006
HUMBLE BUNDLE,3/1/2010
HYDRONOVATION,1/1/2005
HYPEMARKS,10/31/2011
HYPERFAIR,1/1/2010
IDIBON,1/1/2012
IDLE GAMING,11/1/2009
IDONETHIS,1/1/2011
IF(WE),10/1/2004
IFONLY,1/1/2012
IFTTT,12/14/2010
IGIGI,1/1/2000
IGNITE GAME TECHNOLOGIES,3/1/2008
IMANAGERENT,1/1/2010
IMGIX,5/4/2011
IMGUR,2/1/2009
IMMEDIATELY,1/1/2013
IMOJI,1/1/2014
IMOSPHERE,1/1/2012
IN3DGALLERY,1/10/2013
INBOT,1/1/2013
INDEX,3/1/2012
INDIEGOGO,1/14/2008
INDINERO,1/1/2009
INDUCTLY,1/1/2014
INFECTIOUS,1/1/2007
INFOSCOUT,10/1/2011
INKLING SYSTEMS,8/1/2009
INKSHARES,4/1/2013
INMOBI,1/1/2007
INNERWORKINGS,11/1/2002
INNOTAS,1/1/2000
INPRONTO,1/1/2008
INSIDE WAREHOUSE,1/1/2013
INSIDETRACK,1/1/2001
INSIDEVIEW,1/1/2005
INSIGHTLY,1/1/2009
"INSIKT, INC.",11/1/2012
INSTACART,7/1/2012
INSTAPAGE,6/1/2011
INTERCOM,8/1/2011
INVINO,3/1/2009
INVITAE,1/1/2012
INVUITY,1/1/2004
IODINE,1/1/2013
IOTERA,1/1/2009
IPLING,1/1/2007
IRHYTHM TECHNOLOGIES,1/1/2006
IRON.IO,7/7/2011
ISHBOWL,1/1/2012
ISOCCER,1/1/2010
ISOLATION NETWORK,1/1/2009
ITEMBASE,11/2/2011
JAGUAR ANIMAL HEALTH,6/1/2013
JETME,11/1/2013
JIXEE,1/1/2011
JOBR,2/15/2014
JOBSCOUT,12/1/2011
JOYENT,1/1/2004
JOYUS,1/1/2011
JUDICATA,1/23/2012
JULY SYSTEMS,7/18/2001
JUMPCAM,1/1/2012
JUNGLECENTS,4/1/2009
JUSTANSWER.COM,1/1/2003
JUSTIN.TV,10/1/2006
JUSTINMIND,1/1/2007
JUSTONE DATABASE INC.,4/28/2010
JUT INC,1/1/2013
KABAM,11/1/2006
KAGGLE,4/1/2010
KAIZEN PLATFORM,3/18/2013
KALIBRR,1/1/2012
KAMCORD,4/1/2012
KANDID,11/19/2014
KANJOYA,1/1/2006
KEAS,1/1/2008
KEEN IO,12/1/2011
KEEPSAFE,1/1/2012
KEEPTRUCKIN,1/1/2013
KEYCHAIN LOGISTICS,1/1/2012
KIDADMIT,7/1/2012
KIDLANDIA,1/1/2008
KIIP,7/13/2010
KINDRED BIOSCIENCES,1/1/2012
KINSIGHTS,6/1/2011
KISSMETRICS,5/1/2008
KITCHIT,10/1/2011
KIVA,3/1/2005
KIXEYE,1/1/2007
KLICKEX,1/1/2002
KNEOWORLD,8/1/2012
KNOTCH,2/15/2012
KODING,7/18/2011
KOUT,1/1/2011
KRUX,12/1/2009
KULI KULI,9/1/2011
KVANTUM,1/1/2012
KWARTER,4/4/2011
KYNDED,8/1/2012
LABDOOR,5/1/2012
LACOON MOBILE SECURITY,1/1/2011
LANGO,1/1/2006
LANTERN,1/1/2012
LATERAL SV,4/1/2013
LAUNCHPAD TOYS,3/1/2010
LAWPAL,1/1/2013
LAYER,3/1/2013
LE TOTE,1/1/2012
LEADSECURE,4/2/2014
LEANPLUM,1/1/2012
LEAP COMMERCE,1/1/2011
LEAP MOTION,10/1/2010
LEARN IMMERSIVE,1/1/2014
LEARNBOOST,1/1/2010
LEARNSPROUT,1/1/2012
LEARNSTREET,1/1/2012
LEARNUP,1/1/2011
LEGALREACH,1/1/2012
LEGITTRADER,1/1/2014
LENDA,8/18/2012
LENDING CLUB,1/1/2007
LENDLAYER,1/1/2014
LENDUP,11/21/2011
LEO,9/1/2013
LEVER,6/1/2012
LEXPLIQUE - /L_K ´ SPLIK/,1/1/2011
LIBRATAX,3/1/2014
LIBRATO,1/1/2011
LICENSE BUDDY,1/1/2013
LIFE360,1/1/2008
LIFENEXUS,1/1/2005
LIFT,9/22/2009
LIFT WORLDWIDE,8/22/2011
LIFX,1/1/2012
LIMK,6/1/2013
LIMOS.COM,8/1/2007
LINGUASTAT,12/1/2005
LINQIA,2/1/2012
LIQUIDM,1/1/2013
LIQUOR.COM,11/24/2008
LIT MOTORS,2/1/2010
LITHIUM TECHNOLOGIES,8/6/2001
LITTLECAST,1/1/2013
"LITTLECAST, INC.",3/1/2013
LIVBLENDS,1/1/2013
LIVEFYRE,12/1/2009
LIVELY INC.,9/1/2012
LIVEMINUTES,1/1/2011
LIVEVOL,1/1/2003
LOB,5/28/2013
LOCAID,2/15/2005
LOCALON,1/1/2010
LOCBOX,12/10/2010
LOCISH,2/21/2013
LOCKET,3/1/2013
LOCKITRON,5/1/2009
LOCUSLABS,1/1/2014
LOGGLY,8/1/2009
LOOKOUT,1/1/2007
LOOKSHARP (POWERING INTERNMATCH),6/1/2009
LOOMIA,1/1/2004
LOOPD,8/27/2013
LOOT!,4/1/2012
LOUDR,2/8/2013
LOUP,1/1/2014
LOYAL3,1/1/2008
LUCIDWORKS,1/1/2007
LUDEI,1/1/2011
LUKUP MEDIA,12/13/2010
LUMIFIC,8/1/2013
LUMINATE HEALTH,7/1/2012
LUMOS LABS,1/1/2005
LUXE VALET,6/1/2013
LUXR,8/1/2010
LYFT,1/1/2012
MADEIRACLOUD,6/1/2011
"MADISON REED, INC.",1/1/2013
MAESTRO MARKET,1/1/2008
MAILTIME,3/20/2013
MAMAPEDIA,1/1/2004
MANGO HEALTH,2/1/2012
MANYWHO,5/1/2013
"MAP2APP, INC.",4/1/2012
MAPD,9/1/2013
MARIN SOFTWARE,4/1/2006
MARINE DRIVE MOBILE,1/1/2007
MARINELAYER,3/1/2009
MARK ONE,12/24/2013
MARKETCETERA,1/1/2006
MASHAPE,1/1/2010
MASSDROP,7/1/2012
MATERNA MEDICAL,6/1/2007
MATTERMARK,6/4/2013
MAVEN,2/1/2008
MAVENTUS GROUP INC,10/1/2013
MAVRX,1/1/2012
MEASY,12/1/2008
"MECHIO, INC. (DBA MOTIV)",1/1/2013
MEDIA MACHINES,1/1/2000
MEDIUM,7/18/2011
MEDLERT,1/1/2011
MEDRIO,1/1/2005
MEEP,1/1/2008
MEEZ,3/20/2009
MEMEBOX CORPORATION,2/7/2012
MEMOROP,7/1/2014
MEMSQL,1/1/2011
MENTORCLOUD,4/10/2013
MEOGRAPH,1/1/2012
MESSAGE BUS,8/26/2010
METABIOTA,1/1/2008
METACERT,3/1/2011
METAMARKETS,5/1/2010
METRIC INSIGHTS,1/1/2010
METROMILE,6/1/2011
MEVIO,10/1/2004
MIGHTYHIVE,7/1/2012
MIGO.ME,2/1/2013
MILEIQ,10/11/2012
MINBOX,4/1/2012
MINDIE,10/1/2013
MINDSNACKS,5/1/2010
MINDSUMO,11/1/2011
MINGLY,1/1/2010
MINOMONSTERS,1/1/2011
MINTED,8/1/2007
MISELU INC.,4/14/2008
MISSION MOTORS,8/9/2007
MIST.IO,7/31/2013
MISTERBNB,4/10/2013
MIXAMO,7/18/2008
MIXED MEDIA LABS,1/1/2009
MIXMAX,6/1/2014
MIXPANEL,6/20/2009
MIXRANK,1/1/2011
MNECTAR,11/1/2012
MOASIS GLOBAL,1/1/2009
MOBILE ACTION,6/10/2013
MOBISSIMO,10/1/2003
MOBSOC MEDIA,1/1/2012
MOCANA,1/1/2004
MODCLOTH,7/18/2002
MODLAR,9/7/2008
MODULEQ,1/1/2011
MONKIMUN,1/1/2014
MOONTOAST,2/1/2008
MOOVWEB,1/1/2010
MOTION MATH,8/26/2010
MOVE LOOT,1/1/2013
MOVIGO,1/1/2013
MOZIO,1/1/2011
MOZIY,1/1/2013
MULESOFT,1/1/2006
MUNCHERY,4/1/2011
MURAL.LY,11/22/2011
MUZICO INTERNATIONAL,9/1/2013
MUZY,1/1/2011
MXHERO,6/1/2012
MYACTIVITYPAL,1/1/2014
MYFITNESSPAL,1/1/2005
MYHEALTHTEAMS,1/1/2010
MYLIKES,1/1/2010
MYORDER,1/1/2009
MYSTORE.COM,1/1/2006
MYTIME,6/1/2011
MYTIPS,4/26/2013
MYTRUS,1/1/2009
MYWEBROOM,6/1/2012
MYZE,1/1/2013
N3TWORK,1/1/2013
NAPO PHARMACEUTICALS,1/1/2001
NARVAR,1/1/2012
NAVDY,1/1/2013
NAVERA,1/1/2009
NAVMII,7/12/2010
NAYTEV,2/22/2014
NEOCASE SOFTWARE,1/1/2001
NEON LABS,1/1/2012
NETBOOKS,1/1/2006
NETPULSE,1/1/2009
NETWORK,3/1/2013
NEUVERUS HEALTH,8/15/2010
NEW RELIC,2/1/2008
NEWS360,6/1/2010
NEWSBOUND,1/1/2011
NEWSMAVEN,6/6/2013
NEXANT,1/1/2000
NEXTBIT SYSTEMS,1/1/2013
NEXTDOOR,1/1/2010
NEXTUSER,3/6/2013
NGINX,1/1/2011
NIGHTINGALE,7/23/2013
NIMBUS DATA,1/1/2006
NINTHDECIMAL,3/20/2003
NIRMIDAS BIOTECH,1/1/2013
NITRO,1/1/2005
NITROUS,7/1/2012
NODEPRIME,2/4/2013
NOMAD GOODS,9/10/2012
NOMIKU,6/1/2012
NOREDINK,1/1/2012
NORTH TECHNOLOGIES,1/1/2011
NOTIFIXIOUS,6/1/2008
NOVI,7/20/2013
NOVOED,1/1/2013
NUKOTOYS,1/1/2008
NURIGENE,1/1/2010
NURIX,1/1/2009
NWAY,1/1/2011
OBJECTLABS,2/1/2011
OBVIOUS,1/1/2006
OCULEVE,1/1/2011
ODESK,1/1/2005
OKTA,12/1/2008
OLIO DEVICES,1/1/2013
OLIVERS APPAREL,8/13/2013
OLSET,9/4/2012
OLYFE,1/1/2010
OMADA HEALTH,1/1/2011
OMNITRAIL TECHNOLOGIES,1/1/2007
ONAIR PLAYER,1/1/2012
ONDORE,1/1/2005
ONE INC.,8/1/2011
ONE KINGS LANE,1/1/2009
ONE MEDICAL GROUP,1/1/2007
ONEFOLD,4/1/2013
"ONELOGIN, INC.",1/1/2009
ONEMOB,6/1/2014
ONLINE WARMONGERS,1/1/2009
OORT INC,3/17/2013
OOTU,1/1/2007
OPBEAT,1/1/2012
OPEN GARDEN,2/11/2011
OPEN MHEALTH,9/1/2011
OPEN PLACES,3/1/2008
OPEN WAGER,1/1/2013
OPENCARE,1/1/2011
OPENDNS,11/1/2005
OPENLABEL,1/1/2012
OPS USA,11/1/2013
OPSMATIC,3/1/2013
OPTIMALIZE.ME,2/1/2013
OPTIMIZELY,1/1/2010
OQO,1/1/2000
ORDERAHEAD,12/1/2011
ORGANIZER,1/1/2010
ORION LABS,1/1/2013
OROECO,1/1/2011
OTHER MACHINE,1/1/2013
OXCEPT,11/1/2013
PACERPRO,1/1/2011
PACKETTRAP NETWORKS,1/1/2006
PACT FITNESS,11/15/2010
PAGERDUTY,2/1/2009
PALAMIDA,12/1/2004
PANDODAILY,1/16/2012
PANORAMA9,5/1/2010
PANTHEON,9/1/2010
PANTRY,1/1/2012
PAPERG,1/1/2008
PARTENDER,11/1/2012
PARTNERED,3/1/2012
"PASSARE, INC.",11/1/2012
PATENT SAFARI,1/1/2010
PATH,11/1/2010
PATHBRITE,1/1/2012
PATREON,5/7/2013
PEARL.COM,1/1/2003
PEEK KIDS,1/1/2006
PEER,2/5/2013
PEER.IM,12/1/2012
PEERLYST,1/1/2011
PEERSPACE,10/1/2013
PENXY,4/15/2012
PERFECT ESCAPES,1/1/2006
PERFECTHITCH,2/1/2011
PERLSTEIN LAB,1/1/2014
PERSISTIQ,1/1/2014
PETCUBE,5/26/2012
PHIGITAL,9/18/2012
PHIZZLE,1/1/2005
PHLORONOL,1/1/2010
PHONEPLUS,1/1/2012
PHORENT,2/17/2012
PICK1,1/1/2010
PIGGYBACKR,1/1/2011
PILLOW,1/15/2014
PINTEREST,1/1/2009
PIPELINERX,9/8/2009
"PISTON CLOUD COMPUTING, INC.",1/1/2011
PIVOTAL SOFTWARE,4/1/2013
PIXLEE,6/1/2012
PIXOWL,6/1/2011
PLACECAST,1/1/2005
PLAID,1/1/2012
PLANET LABS,12/29/2010
PLANET SOHO,1/1/2009
PLANTSENSE,1/1/2006
PLANWISE,1/5/2011
PLAYHEM,7/1/2009
PLAYPHONE,4/1/2003
PLAYWITH,1/1/2014
PLIVO,4/28/2011
PLUGGER,5/1/2013
PLUM DISTRICT,1/1/2009
PLYMPTON,1/1/2011
POCKET,8/6/2007
POCKET CHANGE,1/1/2011
POCKET GEMS,9/1/2009
POCKETMATH,1/1/2011
POCKETSUITE,3/1/2013
PODADDIES,1/1/2006
POINTACROSS,1/1/2007
POINTSHOUND,1/1/2012
POLARION SOFTWARE,1/1/2005
POLL EVERYWHERE,6/1/2008
PONOMUSIC,1/1/2011
PONTABA,12/1/2010
POPEXPERT,1/1/2012
POPSUGAR,4/1/2006
POPUPSTERS,10/15/2013
POSIT SCIENCE,1/1/2002
POSTMATES,5/1/2012
POVIO,12/1/2013
PRACTICE FUSION,7/10/2005
PREACT,10/1/2012
PREMISE,1/1/2012
PRESENCELEARNING,1/1/2009
PRESENTIGO,8/10/2014
PRESIDIO PHARMACEUTICALS,1/1/2006
PREZI,4/1/2009
PRICEONOMICS,12/1/2011
PRIME GENOMICS,1/1/2010
PRISM SKYLABS,7/1/2011
PRODUCT HUNT,11/6/2013
PROFUSA,1/1/2009
PROJECT FROG,1/1/2006
PROMPT.LY,1/1/2013
PROSETTA,1/1/2002
"PROSKY, INC.",1/1/2013
PROSPER,2/1/2006
PROVEN,9/25/2009
PROWL,1/1/2013
PROXTOME,6/26/2012
PUBNUB,8/1/2010
PUDDING MEDIA,1/1/2006
PULSELOCKER,11/1/2011
PUMODO,3/1/2012
PUREPLAY,11/1/2004
PURPLE,1/1/2012
PURSE.IO,1/1/2014
PUSHD,1/1/2012
PUSHPOINT - ACQUIRED BY CAPITAL ONE BANK,9/1/2011
PV EVOLUTION LABS,1/1/2009
QARDIO,1/1/2012
QORDOBA,1/1/2012
QUANTCAST,1/1/2006
QUANTIFIED SKIN,1/1/2013
QUANTUM4D,12/11/2007
QUEST APP,1/1/2013
QUEST APP,1/1/2014
QUI.LT,4/1/2011
QUIBB,1/1/2013
QUICKPAY,1/1/2010
QUID,1/1/2010
QUIP,1/1/2012
QURI,1/1/2012
QWALYTICS,6/1/2013
RABBL,12/1/2010
RACE YOURSELF,6/17/2013
"RADIUMONE, INC.",9/1/2009
RADIUS,1/1/2009
RAINFOREST,6/1/2012
RALLY.ORG,3/14/2009
RALLYWARE,5/1/2012
RAVEL LAW,5/15/2012
RAZZ,1/1/2002
RDIO,8/1/2008
READING RAINBOW,1/1/2012
READYFORZERO,5/1/2010
REALM,1/1/2011
REALTYSHARES,4/1/2013
REBEL COAST WINERY,12/15/2012
RECOMMIND,1/1/2000
RECURLY,7/1/2009
RED CLAY,7/1/2012
RED HOT LABS,1/1/2012
RED KARAOKE,4/3/2007
REDCAP,1/1/2010
REESIO,1/20/2012
REFERLY,4/17/2012
REFERRALMD,8/11/2011
REFRAME IT,2/1/2007
RELATED CONTENT DATABASE (RCDB),1/1/2006
RELAYRIDES,11/1/2008
REMIND,8/1/2011
"REMIXATION, INC.",6/1/2006
REMOOV,1/1/2013
RENTLYTICS,2/1/2013
REPAIRPAL,1/1/2007
REPPIFY,5/1/2009
RESILIENT NETWORK SYSTEMS,1/1/2009
RESPECT NETWORK,1/1/2010
RETARGETER,4/1/2009
REV,8/1/2010
REVEL SYSTEMS,9/15/2010
REVENTIVE,8/11/2011
REVINATE,1/1/2009
REVIVERMX,1/1/2009
REVIVN,3/1/2012
REVL,12/1/2011
REVOLVE ROBOTICS,3/1/2012
REWARDER,10/24/2012
REWARDLI,1/15/2011
"RHUMBIX, INC.",1/1/2014
RIBBON,7/1/2012
RICHRELEVANCE,1/1/2006
RICO FROM MINDHELIX,7/30/2014
RIDEJOY,1/1/2011
RIDEPAL,2/17/2011
RIFFRAFF,12/31/2013
RIFFSY,2/1/2014
RINGDNA,1/1/2012
RINGZ.TV,12/1/2010
RIO GRANDE NEUROSCIENCES,1/1/2011
RIP VAN WAFELS,6/1/2010
RIPPLD,1/1/2011
RIPPLE LABS,1/1/2012
RISE,1/1/2013
RISKIQ,1/1/2009
RIXTY,1/1/2009
ROAD HERO,9/1/2010
ROAM ANALYTICS,1/1/2012
ROBOT APP STORE,6/1/2011
ROCK HEALTH,1/1/2010
ROCKET LAWYER,8/27/2008
ROCKETBOLT,1/1/2013
ROCKSBOX,4/1/2012
ROCKYOU,11/1/2005
ROLEPOINT,1/1/2011
ROLLBAR,5/1/2012
ROMOTIVE,8/1/2011
ROOST,11/11/2013
ROSES & RYE,9/1/2011
ROUNDRATE,8/1/2012
RUBICON MEDIA,1/1/2007
RUNNABLE INC.,1/1/2012
RUNSCOPE,1/1/2013
SAFE SHEPHERD,10/1/2011
SAMASOURCE,6/1/2008
SAMBA TV,11/1/2008
SANFRANSEO,1/1/2014
SANO,12/29/2011
SAPHO,1/1/2014
SAUCE LABS,8/1/2008
SAVEUP,4/1/2011
SAVVYSOURCE FOR PARENTS,1/1/2005
SAY MEDIA,9/1/2005
SCALITY,1/1/2009
SCHEDULE SAVVY,1/1/2014
SCHOLAROO,1/1/2012
SCHOOLMINT,1/1/2013
SCOOP.IT,11/1/2010
SCOOT NETWORKS,1/1/2011
SCORE THE BOARD,2/22/2013
SCRIBD,1/1/2007
SCRIPPED,7/7/2007
SCRIPTED,5/1/2011
SCRIPTROCK,1/21/2012
SCRYBE,1/1/2007
SEAHORSE,1/1/2013
SEAL SOFTWARE,1/1/2010
SECOND GENOME,1/1/2009
SECRET,10/1/2013
"SEED LABS, INC.",1/1/2013
SEEDCHANGE,4/1/2012
SEESPACE,3/8/2013
SEGMENT,1/1/2012
SELF HEALTH NETWORK,1/1/2011
SENDWITHUS,1/1/2013
SENSE PLATFORM,9/1/2012
SENSE.LY,5/1/2013
SENSELABS (FORMERLY NEUROTOPIA),1/1/2009
SENSENTIA,11/28/2011
SENSOR TOWER,1/1/2013
SENTIENT TECHNOLOGIES,1/1/2007
SENTRI,3/27/2014
SEQUENCE,7/1/2005
SETTLE,7/30/2014
SEWORKS,12/1/2012
SHADOW PUPPET,3/1/2013
SHARE PRACTICE,8/1/2012
SHARE SOME STYLE,1/1/2013
SHAREDESK,8/1/2012
SHARETHROUGH,1/1/2008
SHASTA CRYSTALS,10/29/2008
SHELFFLIP,1/1/2013
SHIBUMI,1/1/2011
SHIFT PAYMENTS,1/1/2014
SHIFTPLANNING,2/10/2010
SHIPEY,9/16/2013
SHIPPO,10/1/2013
SHOPPINPAL,1/1/2012
SHOPSAVVY,1/1/2008
SHOPSQUAD/OWNZA,2/24/2011
SHOPSY,5/3/2012
SHOPTAP,1/1/2011
SHORTCUT LABS,1/1/2013
SHOTO,11/3/2013
SHOTS,11/12/2013
SHOWPAD,5/1/2011
SHUDDLE,1/1/2014
SHYP,7/1/2013
SIASTO,1/1/2012
SIDE.CR,2/1/2012
SIFT SCIENCE,6/1/2011
SIFT SHOPPING,1/1/2012
SIGFIG,1/1/2011
SIGHTCALL,12/1/2007
SIGNATURE,11/1/2010
SILURIA TECHNOLOGIES,1/1/2008
SIMPLYINSURED,1/1/2012
SIMRACEWAY,3/1/2008
SINGULAR,1/1/2014
SITEBRAINS,8/1/2010
SIXDOORS,3/1/2013
SKIMBLE,1/1/2010
SKOUT,1/1/2007
SKRITTER,6/1/2008
SKULLY HELMETS,2/1/2013
SKULPT,7/8/2009
SKYBULLS,1/1/2012
SKYCACHE,1/1/2011
SKYCATCH,1/1/2013
SKYROAM,1/1/2008
SKYROCKIT,1/1/2001
SKYSCRAPER,1/1/2012
SLACK,1/1/2013
SLICED INVESTING,1/1/2014
SMAATO,8/18/2005
SMART PLATE,1/1/2009
SMARTRECRUITERS,9/1/2010
SMARTSHOOT,7/1/2012
SMULE,1/1/2008
SNAPCARD,11/19/2013
SNAPGUIDE,1/1/2011
SNIP2CODE,4/15/2012
SNOWSHOE STAMP,4/1/2010
SOCIABLE LABS,1/1/2009
SOCIALCHORUS,1/1/2008
SOCIALREP,1/1/2006
SOCIALSCOPE,1/1/2009
SOCIALWIRE,7/1/2011
SOFI,4/1/2011
SOJERN,9/10/2007
SOKO,1/1/2012
SOL REPUBLIC,1/1/2011
SOLDSIE,5/1/2012
SOLIO,1/1/2002
SOMA,1/1/2012
SOMA WATER,1/1/2012
SOPHIA SEARCH,7/18/2007
SOSH,1/1/2010
SOTHREE,9/7/2012
SOUNDFLAVOR,1/1/2003
SOUNDFOCUS,8/1/2012
SOURCEEASY,3/1/2013
SOURCERY,1/1/2012
SOVOLVE,1/1/2012
SPARKCENTRAL,6/1/2011
SPEAKUP,11/1/2012
SPECTAFY,12/1/2013
SPENDGO,1/1/2010
"SPHERE (SPHERICAL, INC.)",7/9/2013
SPIDERBOOK,1/1/2013
SPILL INC,6/25/2009
SPIRE,5/24/2013
SPIRE,1/1/2012
SPLENDID LAB,1/1/2013
SPLICE MACHINE,1/1/2012
SPLUNK,10/1/2003
SPLURGY,1/1/2011
SPORTAMBA,1/15/2014
SPORTISTIC,1/1/2009
SPOT FORMERLY PLACEPOP,2/1/2009
SPREAKER,11/1/2009
SPRIG,4/1/2013
SPRINGSHOT,9/29/2011
SPROUTKIN,1/1/2012
SPROUTLING,12/19/2012
SQLSTREAM,12/1/2002
SQOR SPORTS,4/1/2013
SQUARE,2/1/2009
SQUAREONE MAIL,1/1/2012
SQWIGGLE,2/1/2013
STANDARD TREASURY,5/1/2013
STARMAKER INTERACTIVE,11/1/2010
STARTUP COMPASS INC.,12/1/2010
STATELESS NETWORKS,1/1/2012
STATION X,1/1/2010
STELLAR,4/30/2013
STICHER,1/1/2008
STITCH,1/1/2014
STITCH,1/1/2013
STITCH FIX,2/1/2011
STITCH LABS,1/1/2011
STORE VANTAGE,4/1/2012
STOREFRONT,1/1/2012
STOREHOUSE,1/1/2013
STORENVY,8/1/2010
STORYBOX,3/1/2010
STORYWORTH,11/1/2012
STRAVA,1/1/2009
STREAK,1/1/2011
STREETLINE,1/1/2005
STREETOWL,1/1/2011
STRIDE HEALTH,1/1/2013
STRINGR,1/1/2013
STRIPE,1/1/2010
STRUT,10/1/2013
STUDYBLUE,1/1/2009
STUDYSOUP,3/20/2012
STYLEPUZZLE,6/1/2014
STYLESEAT,5/23/2011
SUNFUNDER,1/1/2012
SUNRUN,1/1/2007
SUPERSECRET,1/1/2007
SUPPORTIE,1/1/2013
SURF CANYON,4/18/2006
SURVATA,1/1/2012
SURVEYPAL,1/1/2007
SUTRO,1/1/2014
SWAPDOM,5/1/2013
SWIFT NAVIGATION,1/1/2012
SWIFTSTACK,1/1/2011
SWIFTYPE,1/1/2012
SWINK.TV,1/1/2009
SWIPEGOOD,1/1/2010
SWITCHCAM,3/1/2011
SWITCHFLY,1/1/2003
SWIVEL,12/1/2005
SWRVE,1/1/2011
SWYFT,4/1/2014
SYLLABUSTER,2/1/2012
SYMIC BIOMEDICAL,1/1/2012
SYMPARA MEDICAL,5/1/2012
SYMPHONY COMMERCE,11/15/2010
SYNATA,9/1/2012
SYRMO,7/9/2013
TACTILIZE,6/1/2011
TAKETAKE,1/1/2009
TALENTAG,5/1/2010
TALENTODAY,7/1/2013
TALKABLE,8/15/2010
TALKWHEEL,1/1/2011
TAPAS MEDIA,3/1/2012
TAPINGO,1/1/2012
TAPJOY,1/1/2007
TAPRUSH,1/1/2011
TAPTERA,4/24/2011
TAREASPLUS,9/1/2012
TASKFORCE,7/1/2010
TASKRABBIT,1/1/2008
TASTEMAKER,1/1/2012
TAULIA,1/1/2009
TAXI 24/7,2/29/2012
TECHNORATI,6/1/2002
TEESPY,2/1/2010
TELEBORDER,7/1/2013
TELERIVET,1/1/2012
TELESOCIAL,8/15/2008
TELLAPAL,10/1/2009
TELLY,1/1/2009
TELLY,1/1/2007
TENXER,9/1/2011
TERAFOLD BIOLOGICS INC.,1/1/2012
TERRAPASS,10/1/2004
TEXTUALADS,7/1/2010
THANX,1/1/2012
THE EXTRAORDINARIES,7/1/2009
THE GRID,1/1/2011
THE HUNT,1/1/2013
THE LEAGUE,6/1/2014
THE MAD VIDEO,1/1/2011
THE MINERVA PROJECT,7/1/2011
THE ONE-PAGE COMPANY,2/1/2012
THE ORANGE CHEF,4/1/2011
THE SOCIAL RADIO,1/1/2011
THE WIRELESS REGISTRY,2/15/2013
THEBANKCLOUD,2/1/2013
THEGRID,1/1/2011
THEOREM,1/1/2013
THERABIOL,1/1/2012
THERATIVE,1/1/2004
THIMBLE BIOELECTRONICS,9/1/2012
THIRDLOVE,1/1/2012
THIRDMOTION,1/1/2009
THISMOMENT,1/1/2007
THOUSANDEYES,1/2/2010
THREADFLIP,1/1/2011
THREDUP,1/1/2009
THREE RINGS,3/30/2001
THUMBKANDI,10/11/2012
THUMBTACK,1/1/2008
TICKETFLY,2/1/2008
TIDEPOOL,5/3/2011
TILT,2/8/2012
TIMBUKTU LABS,4/27/2012
TINDIE,1/1/2012
TINYCO,1/1/2009
TIVIX,9/15/2008
TOK.TV,1/1/2012
TOTSPOT,1/1/2014
TOTUS POWER,1/1/2013
TOUCHOFMODERN,5/1/2012
TOUT,1/1/2010
TOUTAPP,5/1/2011
TOWNSQUARED,1/1/2013
TOYTALK,1/1/2011
TRAACKR,2/1/2008
TRADEGIG,1/1/2012
TRADEHILL,3/1/2011
TRADESHIFT,7/1/2009
TRAFFIO,3/1/2012
TRAILERPOP,12/1/2012
TRAITWARE,8/1/2008
TRAVELSITE.COM,3/1/2012
TRELYS,1/1/2012
TRIFACTA,1/1/2012
TRIGGIT,10/1/2006
TRIPORATI,7/7/2008
TRIPPING,1/1/2010
TRIPTEASE,6/1/2013
TRIPTROTTING,1/1/2011
TRUE&CO,5/1/2012
TRUEACCORD,1/1/2013
TRUEANTHEM,1/1/2008
TRUMAKER,9/1/2012
TRUSTCLOUD,4/8/2009
TUNEUP,8/1/2007
TWELVEFOLD,6/12/2004
TWICE,1/1/2012
TWILIO,1/1/2007
TWIST AND SHOUT,1/1/2011
TWIST BIOSCIENCE,1/1/2013
TWITTER,3/21/2006
TWYXT,7/7/2011
TYPESAFE,1/1/2011
UBER,3/1/2009
UBIOME,1/1/2013
UCLASS,1/1/2012
UDEMY,2/1/2010
UMIX.TV,1/1/2013
UNIFI SOFTWARE,11/30/2013
UNIVERSITY OF SOUTH FLORIDA,1/1/2014
UNIVERSITYNOW,1/1/2010
UNMETRIC,2/1/2011
UNYQ,3/1/2014
UPCOUNSEL,4/1/2012
UPOUT,1/1/2011
UPSIDE,1/1/2013
"UPSIGHT, INC.",1/1/2007
URBANSITTER,12/29/2010
URX,2/1/2013
USABLE SECURITY SYSTEMS,1/1/2008
USERVOICE,2/22/2008
USTREAM,1/1/2007
UTAH STREET LABS,1/1/2010
UVERSITY,1/1/2007
UXCAM,11/1/2013
VACATIA,1/1/2012
VALIDUS TECHNOLOGIES CORPORATION,11/1/2004
VALOR WATER ANALYTICS,11/12/2013
VAXART,1/1/2004
VAYABLE,4/1/2011
VEEKER,1/1/2005
VELO LABS,2/1/2013
VELTI,1/1/2001
VENTUREBEAT,9/1/2006
VENTUROCKET,1/6/2011
VERBLING,5/1/2011
VESSEL,1/1/2012
VIAGOGO,1/1/2005
VIANZA,1/1/2011
VICARIOUS,1/1/2010
VIDA HEALTH,1/1/2014
VIDCASTER,5/1/2011
VIDIQ,1/1/2012
VIGLINK,3/19/2009
VIGO,1/1/2013
VIMODI,1/1/2012
VINFOLIO,11/1/2003
VINO VOLO,1/1/2004
VIRALNINJAS,9/1/2011
VIROOL,8/17/2011
VISIBLE.VC,1/1/2012
VISUAL.LY,1/1/2011
VIZERRA,1/1/2008
VOCOMD,4/1/2014
VOICEBASE,2/1/2010
VOICEBUNNY,1/1/2012
VOIQ,7/1/2012
VOLO BROADBAND,8/20/2013
VOLTA INDUSTRIES,1/1/2010
"VOSH, INC.",12/1/2014
VOXER LLC,1/1/2007
VULCUN,5/1/2011
VUMEDI,1/1/2009
VUNGLE,1/1/2011
VURB,1/1/2012
WAGGL,5/1/2014
WAGON,4/1/2014
WALKME,1/1/2012
WALKSOURCE,9/1/2013
WANDERA,1/1/2012
WANELO,1/1/2011
WAPPWOLF,7/28/2010
WATCHWITH,3/20/2012
WATERFALL,8/1/2005
WATERSMART SOFTWARE,11/1/2009
WATSI,8/23/2012
WATTBOT,7/1/2007
WAYSGO,1/1/2009
WE,5/1/2012
WE ARE HUNTED,4/17/2009
WE HEART IT,1/1/2011
WEARABLE INTELLIGENCE,7/1/2013
WEARABLE WORLD,3/1/2013
WEAVE,1/1/2013
WEBCHALET,3/18/2010
WEBTAB,9/1/2010
WEDDING SPOT,5/1/2013
WEDDINGTON WAY,1/1/2011
WEEBLY,1/1/2006
WELLNESSFX,4/1/2010
WELLO,1/1/2011
WGT MEDIA,2/1/2007
WHALE PATH,12/1/2012
WHENSOON,1/1/2011
WHIM,4/1/2013
WHISTLE,1/1/2012
WHITETRUFFLE,8/1/2011
WHO@,1/1/2012
WIBIDATA,1/1/2010
WICKR,1/1/2011
WIDGETBOX,1/4/2012
WIKIA,1/1/2006
WIKIMEDIA FOUNDATION,6/20/2003
WIKINVEST,1/1/2006
WILDFLOWER HEALTH,1/1/2012
WINGZ,1/1/2014
WISH,9/5/2011
WITSBITS,1/1/2004
WIZELINE,11/1/2013
WMBLY,4/1/2010
WORK4,1/1/2010
WORKHANDS,1/28/2013
WORLDLY DEVELOPMENTS,6/1/2009
WUT,1/1/2014
XAMARIN,5/19/2011
XENDO,8/13/2013
XIIMO,1/1/2011
XOCKETS,1/1/2012
XOLA,9/1/2011
XOOM CORPORATION,3/1/2001
Y-KLUB,5/1/2010
YARD CLUB,1/1/2013
YATTOS,5/31/2012
YELP,7/1/2004
YERDLE,1/1/2012
YESPLZ!,1/1/2011
YIDIO,6/4/2008
YO,4/1/2014
YOLA,3/1/2007
YOONO,1/1/2006
YOPRO GLOBAL,3/27/2012
YOUBETME,2/5/2012
YOUNOODLE,7/7/2010
YOUR TRUMAN SHOW,11/1/2006
YOURSTREET,11/1/2006
YOUTH NOISE,10/1/2013
YOYOCARD,10/29/2013
ZAARLY,2/20/2011
ZENDESK,10/5/2007
ZENDRIVE,1/1/2013
ZENEFITS,1/1/2013
ZENPAYROLL,1/1/2011
ZENPUT,1/1/2011
ZEPHYR HEALTH,1/1/2011
ZEPPELIN,9/29/2011
ZEROCATER,1/1/2009
ZEUSS,5/1/2012
ZEXTIT,8/15/2011
ZIGNAL LABS,7/1/2011
ZIPONGO,3/12/2010
ZIPZAP,5/1/2010
ZIRTUAL,1/31/2011
ZIRX,3/1/2014
ZIVITY,1/1/2007
ZOOMFORTH,1/1/2012
ZOOMSYSTEMS,1/1/2002
ZOOSK,11/1/2007
ZOZI,1/1/2007
ZULI,1/1/2012
ZUMPER,1/1/2012
ZYNGA,7/1/2007